,margin,knowledge,learning rate,epochs,batch size,average validation loss
0,"[0, 1]","[0.05998763141620285, 0]",0.5,10,5,1.9762808084487915
1,"[0, 1]","[0.05998763141620285, 0]",1.0,10,5,1.035659946501255
2,"[0, 1]","[0.05998763141620285, 0]",2.0,10,5,0.5230876088142395
3,"[0, 1, 2]","[0.05998763141620285, 0]",0.5,10,5,2.1446205377578735
4,"[0, 1, 2]","[0.05998763141620285, 0]",1.0,10,5,1.1619030435880024
5,"[0, 1, 2]","[0.05998763141620285, 0]",2.0,10,5,0.5378929972648621
6,"[1, 2]","[0.05998763141620285, 0]",0.5,10,5,1.5976682543754577
7,"[1, 2]","[0.05998763141620285, 0]",1.0,10,5,1.114313691854477
8,"[1, 2]","[0.05998763141620285, 0]",2.0,10,5,0.7401548385620117
