,margin,knowledge,learning rate,epochs,batch_size,average validation loss
0,"[0, 1]",0,0.5,10,5,2.5566422939300537
1,"[0, 1]",0,1.0,10,5,2.9262548446655274
2,"[0, 1]",0,2.0,10,5,3.014962840080261
3,"[0, 1, 2]",0,0.5,10,5,1.8635648727416991
4,"[0, 1, 2]",0,1.0,10,5,3.463011312484741
5,"[0, 1, 2]",0,2.0,10,5,3.318454623222351
6,"[1, 2]",0,0.5,10,5,1.5928387880325316
7,"[1, 2]",0,1.0,10,5,3.0434128642082214
8,"[1, 2]",0,2.0,10,5,2.583223056793213
